INSERT INTO USERS (ID,USER_NAME,PASSWORD,EMAIL,NAME,SURNAME,workplace,BLOCKED) VALUES (1,'Marcel','$2a$10$ZkFCKJlv2lih7jtdpuT6GuzKVVxUVt9xLxoD409TOdpepg4NHP4A2','marcel.dragon@o2.pl','Marcel','Dragon','Handel',false);
INSERT INTO USERS (ID,USER_NAME,PASSWORD,EMAIL,NAME,SURNAME,workplace,BLOCKED) VALUES (2,'Adam','$2a$10$ZkFCKJlv2lih7jtdpuT6GuzKVVxUVt9xLxoD409TOdpepg4NHP4A2','marcel.dragon@o2.pl','Marcel','Dragon','Handel',true);
INSERT INTO USERS (ID,USER_NAME,PASSWORD,EMAIL,NAME,SURNAME,workplace,BLOCKED) VALUES (3,'Karina','$2a$10$ZkFCKJlv2lih7jtdpuT6GuzKVVxUVt9xLxoD409TOdpepg4NHP4A2','marcel.dragon@o2.pl','Marcel','Dragon','Handel',false);

INSERT INTO ROLES (ID,NAME) VALUES (1,'ADMIN');
INSERT INTO ROLES (ID,NAME) VALUES (2,'USER');

INSERT INTO USER_ROLE (USER_ID,ROLE_ID) VALUES (1,1);
INSERT INTO USER_ROLE (USER_ID,ROLE_ID) VALUES (1,2);



INSERT INTO PROVIDER (ID,NAME) VALUES (1,'JEDEN');
INSERT INTO PROVIDER (ID,NAME) VALUES (2,'DWA');
INSERT INTO PROVIDER (ID,NAME) VALUES (3,'TRZ');

INSERT INTO ASSORTMENT (ID,NAME) VALUES (1,'JEDEN');
INSERT INTO ASSORTMENT (ID,NAME) VALUES (2,'DWA');
INSERT INTO ASSORTMENT (ID,NAME) VALUES (3,'TRZ');

INSERT INTO CUSTOMER (ID,NAME,EMAIL,NR_TEL) VALUES (1,'JEDEN','test@o2.pl','762-151-515');
INSERT INTO CUSTOMER (ID,NAME,EMAIL,NR_TEL) VALUES (2,'DWA','test@o2.pl','762-151-515');
INSERT INTO CUSTOMER (ID,NAME,EMAIL,NR_TEL) VALUES (3,'TRZ','test@o2.pl','762-151-515');

--INSERT INTO ORDERS  (ID,NUMBER,CREATE_DATE,ID_ASSORTMENT,ID_PROVIDER,QUANTITY_PURCHASE,VALUE_PURCHASE,ID_CUSTOMER,PRICE_SELL,QUANTITY_SELL,VALUE_SELL,PROFIT,ID_USER) VALUES (1,'nuemr1','2019-12-01',1,1,12,122,1,122,12,12,12,1);
--INSERT INTO ORDERS  (ID,NUMBER,CREATE_DATE,ID_ASSORTMENT,ID_PROVIDER,QUANTITY_PURCHASE,VALUE_PURCHASE,ID_CUSTOMER,PRICE_SELL,QUANTITY_SELL,VALUE_SELL,PROFIT,ID_USER) VALUES (2,'nuemr4','2019-12-01',1,2,12,122,1,122,12,12,12,1);
--INSERT INTO ORDERS  (ID,NUMBER,CREATE_DATE,ID_ASSORTMENT,ID_PROVIDER,QUANTITY_PURCHASE,VALUE_PURCHASE,ID_CUSTOMER,PRICE_SELL,QUANTITY_SELL,VALUE_SELL,PROFIT,ID_USER) VALUES (3,'nuemr4','2019-12-01',1,3,12,122,1,122,12,12,12,1);
--INSERT INTO ORDERS  (ID,NUMBER,CREATE_DATE,ID_ASSORTMENT,ID_PROVIDER,QUANTITY_PURCHASE,VALUE_PURCHASE,ID_CUSTOMER,PRICE_SELL,QUANTITY_SELL,VALUE_SELL,PROFIT,ID_USER) VALUES (4,'nuemr1','2019-12-02',1,3,12,122,1,122,12,12,12,2);
--INSERT INTO ORDERS  (ID,NUMBER,CREATE_DATE,ID_ASSORTMENT,ID_PROVIDER,QUANTITY_PURCHASE,VALUE_PURCHASE,ID_CUSTOMER,PRICE_SELL,QUANTITY_SELL,VALUE_SELL,PROFIT,ID_USER) VALUES (5,'nuemr4','2019-12-02',1,2,12,122,1,122,12,12,12,3);
--INSERT INTO ORDERS  (ID,NUMBER,CREATE_DATE,ID_ASSORTMENT,ID_PROVIDER,QUANTITY_PURCHASE,VALUE_PURCHASE,ID_CUSTOMER,PRICE_SELL,QUANTITY_SELL,VALUE_SELL,PROFIT,ID_USER) VALUES (6,'nuemr4','2019-12-03',1,3,12,122,1,122,12,12,12,2);
--INSERT INTO ORDERS  (ID,NUMBER,CREATE_DATE,ID_ASSORTMENT,ID_PROVIDER,QUANTITY_PURCHASE,VALUE_PURCHASE,ID_CUSTOMER,PRICE_SELL,QUANTITY_SELL,VALUE_SELL,PROFIT,ID_USER) VALUES (7,'nuemr1','2019-12-03',1,2,12,122,1,122,12,12,12,2);
--INSERT INTO ORDERS  (ID,NUMBER,CREATE_DATE,ID_ASSORTMENT,ID_PROVIDER,QUANTITY_PURCHASE,VALUE_PURCHASE,ID_CUSTOMER,PRICE_SELL,QUANTITY_SELL,VALUE_SELL,PROFIT,ID_USER) VALUES (8,'nuemr4','2019-12-03',1,2,12,122,1,122,12,12,12,2);
--INSERT INTO ORDERS  (ID,NUMBER,CREATE_DATE,ID_ASSORTMENT,ID_PROVIDER,QUANTITY_PURCHASE,VALUE_PURCHASE,ID_CUSTOMER,PRICE_SELL,QUANTITY_SELL,VALUE_SELL,PROFIT,ID_USER) VALUES (9,'nuemr4','2019-12-03',1,1,12,122,1,122,12,12,12,1);
--INSERT INTO ORDERS  (ID,NUMBER,CREATE_DATE,ID_ASSORTMENT,ID_PROVIDER,QUANTITY_PURCHASE,VALUE_PURCHASE,ID_CUSTOMER,PRICE_SELL,QUANTITY_SELL,VALUE_SELL,PROFIT,ID_USER) VALUES (10,'nuemr1','2019-12-03',1,2,12,122,1,122,12,12,12,2);
--INSERT INTO ORDERS  (ID,NUMBER,CREATE_DATE,ID_ASSORTMENT,ID_PROVIDER,QUANTITY_PURCHASE,VALUE_PURCHASE,ID_CUSTOMER,PRICE_SELL,QUANTITY_SELL,VALUE_SELL,PROFIT,ID_USER) VALUES (11,'nuemr4','2019-12-03',1,2,12,122,1,122,12,12,12,1);
--INSERT INTO ORDERS  (ID,NUMBER,CREATE_DATE,ID_ASSORTMENT,ID_PROVIDER,QUANTITY_PURCHASE,VALUE_PURCHASE,ID_CUSTOMER,PRICE_SELL,QUANTITY_SELL,VALUE_SELL,PROFIT,ID_USER) VALUES (12,'nuemr4','2019-12-05',1,2,12,122,1,122,12,12,12,1);
--INSERT INTO ORDERS  (ID,NUMBER,CREATE_DATE,ID_ASSORTMENT,ID_PROVIDER,QUANTITY_PURCHASE,VALUE_PURCHASE,ID_CUSTOMER,PRICE_SELL,QUANTITY_SELL,VALUE_SELL,PROFIT,ID_USER) VALUES (13,'nuemr1','2019-12-05',1,2,12,122,1,122,12,12,12,1);
--INSERT INTO ORDERS  (ID,NUMBER,CREATE_DATE,ID_ASSORTMENT,ID_PROVIDER,QUANTITY_PURCHASE,VALUE_PURCHASE,ID_CUSTOMER,PRICE_SELL,QUANTITY_SELL,VALUE_SELL,PROFIT,ID_USER) VALUES (14,'nuemr4','2019-12-06',1,1,12,122,1,122,12,12,12,1);
--INSERT INTO ORDERS  (ID,NUMBER,CREATE_DATE,ID_ASSORTMENT,ID_PROVIDER,QUANTITY_PURCHASE,VALUE_PURCHASE,ID_CUSTOMER,PRICE_SELL,QUANTITY_SELL,VALUE_SELL,PROFIT,ID_USER) VALUES (15,'nuemr4','2019-12-04',1,3,12,122,1,122,12,12,12,1);
--INSERT INTO ORDERS  (ID,NUMBER,CREATE_DATE,ID_ASSORTMENT,ID_PROVIDER,QUANTITY_PURCHASE,VALUE_PURCHASE,ID_CUSTOMER,PRICE_SELL,QUANTITY_SELL,VALUE_SELL,PROFIT,ID_USER) VALUES (16,'nuemr1','2019-12-07',1,3,12,122,1,122,12,12,12,1);
--INSERT INTO ORDERS  (ID,NUMBER,CREATE_DATE,ID_ASSORTMENT,ID_PROVIDER,QUANTITY_PURCHASE,VALUE_PURCHASE,ID_CUSTOMER,PRICE_SELL,QUANTITY_SELL,VALUE_SELL,PROFIT,ID_USER) VALUES (17,'nuemr4','2019-12-07',1,3,12,122,1,122,12,12,12,1);
--INSERT INTO ORDERS  (ID,NUMBER,CREATE_DATE,ID_ASSORTMENT,ID_PROVIDER,QUANTITY_PURCHASE,VALUE_PURCHASE,ID_CUSTOMER,PRICE_SELL,QUANTITY_SELL,VALUE_SELL,PROFIT,ID_USER) VALUES (18,'nuemr4','2019-12-07',1,1,12,122,1,122,12,12,12,1);
